{"version":"2.2","data":{"content":[{"content":{"text":[{"insert":"Headline content"}]},"id":"doc-1e8um7n0k0","identifier":"title","styles":{}},{"content":{"title":[{"insert":"Subtitle text"}]},"id":"doc-1e8um7sn40","identifier":"subtitle","styles":{}},{"content":{"text":[{"insert":"Intro text"}]},"id":"doc-1e8um968a0","identifier":"intro","styles":{}},{"content":{"text":[{"insert":"Lorem ipsum dolor sit amet, consectetur adipiscing elit. Pellentesque id erat ac ligula bibendum malesuada vitae tempus velit. Lorem ipsum dolor sit amet, consectetur adipiscing elit. Nulla eu volutpat ipsum, nec facilisis dolor. Proin ultricies orci ac erat maximus tristique. Donec non odio sem. Duis lorem mi, suscipit ut iaculis quis, tincidunt lacinia dolor. Suspendisse tempus, ante ut fermentum rhoncus, mauris augue laoreet nunc, in pharetra nunc massa vitae felis. Vestibulum tellus nulla, tempus ac enim eget, porttitor accumsan risus."}]},"id":"doc-1e8um9aij0","identifier":"body","styles":{}},{"content":{"text":[{"insert":"Donec ultrices est nec suscipit tincidunt. Morbi ac urna mauris. In id quam efficitur, gravida erat suscipit, elementum est. Nulla rutrum facilisis purus ut mollis. Nulla bibendum ipsum elit, at finibus nibh efficitur eget. In dapibus auctor condimentum. Vestibulum euismod dui dui, non rutrum ex feugiat id. Vestibulum aliquam vestibulum odio in posuere."}]},"id":"doc-1e8umknre0","identifier":"body","styles":{}},{"content":{"text":[{"insert":"Mauris ut velit vel sem viverra pharetra finibus vel ante. Mauris eleifend faucibus lorem sit amet consequat. Donec quis mi et nisl congue sodales sed nec enim. Nam gravida auctor tristique. Aliquam non facilisis nisl, ut dapibus sapien. Nam bibendum, turpis vitae pulvinar malesuada, quam massa dignissim tellus, ac efficitur elit mauris eu erat. Quisque gravida dui non metus efficitur porta. Vestibulum at porttitor mauris. Pellentesque venenatis diam ut erat lobortis ullamcorper. Duis odio elit, accumsan vel euismod eget, vestibulum nec tellus. Donec vitae tincidunt velit. Cras nec bibendum sem, sit amet molestie risus."}]},"id":"doc-1e8umknro0","identifier":"body","styles":{}},{"content":{"text":[{"insert":"Vestibulum convallis ornare sollicitudin. Nunc mi arcu, dapibus quis dui ac, tristique sodales orci. Vivamus id commodo ex. Nullam quis pellentesque enim. Vestibulum ac urna eu enim posuere gravida. Sed sit amet nulla ipsum. Donec ac scelerisque nibh, nec pellentesque urna. Orci varius natoque penatibus et magnis dis parturient montes, nascetur ridiculus mus. Mauris laoreet risus eu erat tincidunt condimentum. Sed faucibus et velit ac ornare."}]},"id":"doc-1e8umkns00","identifier":"body","styles":{}},{"content":{"text":[{"insert":"Curabitur semper est ac vehicula cursus. Maecenas quis purus rhoncus, dapibus dolor faucibus, malesuada nunc. In consequat tellus nec erat egestas, accumsan gravida nunc pharetra. Donec rhoncus tincidunt ante nec porta. Phasellus vulputate pulvinar tempus. Pellentesque ac erat at leo condimentum tincidunt. In lacus quam, blandit ac dapibus nec, blandit molestie lectus. Donec ut dui ut nunc scelerisque tempor. Pellentesque in velit vitae nisl porta condimentum. Donec aliquam ipsum tristique aliquet interdum. Ut sodales elit nulla, vitae lacinia ipsum cursus ut. Sed sed quam euismod, vulputate purus a, convallis lectus. Fusce maximus odio justo, nec maximus nunc ultricies vel. Morbi vehicula tempus massa sit amet egestas. Etiam congue nibh eget orci imperdiet congue vitae in elit."}]},"id":"doc-1e8umkns80","identifier":"body","styles":{}},{"content":{"text":[{"insert":"Curabitur semper est ac vehicula cursus. Maecenas quis purus rhoncus,"}],"author":[{"insert":"Unknown"}]},"id":"doc-1e8um9n4g0","identifier":"quote","styles":{}},{"content":{"text":[{"insert":"Footer information "}]},"id":"doc-1e8um9hev0","identifier":"footer","styles":{}},{"content":{},"id":"doc-1e8uma4to0","identifier":"separator","styles":{}},{"content":{"name":[{"insert":"Laura Summers"}],"location":[{"insert":"Dearborn"}],"link":[{"insert":"laura.summers@woodwing.com"}]},"id":"doc-1e8umacnc0","identifier":"author","styles":{}},{"content":{},"id":"doc-1e8umaj6c0","identifier":"slideshow","styles":{},"containers":{"slideshow":[{"content":{"image":{"id":"34"}},"id":"doc-1e8un41ni0","identifier":"image","styles":{}},{"content":{"image":{"id":"35"}},"id":"doc-1e8un41uo0","identifier":"image","styles":{}},{"content":{"image":{"id":"33"}},"id":"doc-1e8un425n0","identifier":"image","styles":{}}]}},{"content":{"image":{"id":"36","focuspoint":{"x":0.5,"y":0.5},"cropper":false},"caption":[{"insert":"That is not my sandwich blah blah blah caption"}]},"id":"doc-1e8umaqgk0","identifier":"image","styles":{}},{"content":{"html":"<a href=\"https://imgflip.com/i/42gsxx\"><img src=\"https://i.imgflip.com/42gsxx.jpg\" title=\"made at imgflip.com\"/></a><div><a href=\"https://imgflip.com/memegenerator\">from Imgflip Meme Generator</a></div>"},"id":"doc-1e8umb2dl0","identifier":"embed","styles":{}},{"content":{"media":{"url":"https://www.youtube.com/watch?v=_hoGpYyn4Bs","provider":"YouTube","properties":{"start-time":""}}},"id":"doc-1e8unig9b0","identifier":"video","styles":{}},{"content":{"media":{"url":"https://twitter.com/MaiselTV/status/1263878539901906944","provider":"Twitter","properties":{"include-media":true}}},"id":"doc-1e8unpfae0","identifier":"social-media","styles":{}},{"content":{},"id":"doc-1e8umc7670","identifier":"container","styles":{},"containers":{"main":[{"content":{"image":{"id":"37","focuspoint":{"x":0.5,"y":0.5},"cropper":false},"caption":[{"insert":"image caption"}]},"id":"doc-1e8uo2m3l0","identifier":"image","styles":{"position":"_right","inside-caption":"_caption-inside"}},{"content":{"text":[{"insert":"Phasellus vulputate pulvinar tempus. Pellentesque ac erat at leo condimentum tincidunt. In lacus quam, blandit ac dapibus nec, blandit molestie lectus. Donec ut dui ut nunc scelerisque tempor. Pellentesque in velit vitae nisl porta condimentum. Donec aliquam ipsum tristique aliquet interdum. Ut sodales elit nulla, vitae lacinia ipsum cursus ut. Sed sed quam euismod, vulputate purus a, convallis lectus. Fusce maximus odio justo, nec maximus nunc ultricies vel. Morbi vehicula tempus massa sit amet egestas. Etiam congue nibh eget orci imperdiet congue vitae in elit."}]},"id":"doc-1e8uo3pmg0","identifier":"body","styles":{},"data":{"drop-capital":null}}]},"inlineStyles":{"background-color":"rgba(255,247,115,0.39)"}}]}}